ID,Result
1,78.80423
2,96.56447
3,91.82683
4,78.34173
5,113.82985
8,92.45227
10,96.48878
11,94.94881
12,116.81181
14,96.44207
15,114.417145
16,101.67037
17,97.46976
19,94.49514
20,99.89432
21,97.5311
22,116.13605
23,97.46976
26,96.05649
28,101.05318
29,97.46976
33,97.46976
35,94.49735
41,97.37979
42,94.46092
43,111.25523
45,97.01215
46,101.336395
51,95.46649
53,93.14198
55,110.29591
56,104.64501
57,109.77319
58,92.97843
59,106.87977
63,94.78225
64,96.17261
65,100.58926
69,94.709496
71,96.71529
72,101.33362
73,98.04308
76,102.621025
77,103.50371
78,114.54827
82,100.77233
83,100.58926
84,97.32047
85,99.334785
87,107.58804
88,97.37979
89,99.81163
91,100.81775
93,95.698105
94,108.85211
95,97.10927
96,108.77211
97,93.39293
98,108.86326
99,101.545906
101,102.58538
103,99.81163
104,95.030624
105,104.81755
110,107.01609
111,106.244514
113,110.55997
114,87.87402
115,110.8126
117,99.81163
120,95.54576
121,109.89716
122,93.74502
123,108.93889
126,99.27404
132,95.53928
135,105.94661
137,99.95982
138,97.01668
140,103.78934
142,110.1827
144,108.03968
148,91.504974
149,105.49651
155,95.3188
156,110.08256
157,93.39293
162,107.47221
163,94.493645
167,96.331535
172,111.25523
179,109.23795
180,94.940384
181,95.837036
182,101.38057
183,99.81163
185,99.81163
187,98.82871
188,101.518135
189,96.94696
191,99.964714
192,104.10423
193,100.400185
194,95.76805
195,92.75018
196,102.45217
198,105.47628
199,109.21168
201,99.69129
204,95.52167
205,101.12461
206,104.199936
210,100.888985
211,102.58538
216,108.971344
219,121.07708
220,91.69168
221,101.12428
226,95.837036
227,102.71062
228,107.67999
230,106.01135
231,93.39293
235,116.40111
236,101.849075
238,107.69649
242,111.34821
243,101.35381
244,86.88329
245,110.13397
247,115.49983
248,105.04049
249,92.75907
250,108.46298
251,101.849075
253,116.40111
254,94.006615
256,97.29673
257,91.01666
258,102.980034
259,101.62161
262,83.578476
266,95.970894
267,113.252335
272,98.38737
273,99.81163
275,94.002975
276,116.3921
279,99.339066
280,100.58926
283,96.91302
285,107.431015
288,99.81163
289,102.500305
290,99.54932
291,104.50589
292,106.16023
293,103.78997
296,95.43352
297,107.56233
298,115.36798
299,99.05204
304,95.22237
305,97.6622
306,95.15721
307,96.143394
311,103.70271
313,95.837036
314,97.717674
316,94.23118
324,96.71318
327,98.855896
329,94.67554
330,96.365746
337,97.204605
338,101.629585
339,93.5609
340,96.11787
343,96.19612
345,114.682205
346,97.446106
347,117.013565
349,110.89545
350,96.013
352,106.04047
353,92.696945
354,91.50293
357,97.242874
358,108.883766
362,104.110886
364,101.73312
365,103.28196
366,93.99803
367,99.17029
368,99.093025
370,92.8719
373,99.34886
377,99.060684
378,103.801155
382,103.0684
384,107.67999
390,97.22737
392,110.45273
393,105.10506
395,98.10584
396,104.082825
399,93.412315
406,95.837036
408,95.837036
409,93.28513
410,77.07451
412,111.487045
413,95.407585
419,98.03421
420,109.70563
421,94.63201
430,109.72209
434,94.36098
436,97.28308
437,102.87971
438,94.10069
439,106.27835
440,105.70094
443,106.61859
446,95.47478
448,94.84784
452,96.56601
453,109.80528
457,103.18871
458,101.071434
459,114.999825
460,104.639694
462,119.90063
464,104.75615
465,116.81181
467,111.0915
471,98.77019
472,76.46248
473,100.259735
475,95.5885
480,95.02594
488,107.20435
490,96.143394
491,101.6115
492,90.347725
493,97.02034
497,95.74254
498,113.08723
499,95.657
500,102.15233
501,100.66623
502,115.23328
506,92.632835
510,102.21413
511,96.20478
512,96.0549
516,95.21069
518,98.78341
519,116.84133
521,94.048035
522,109.96027
526,110.4596
529,110.61605
532,107.28303
533,96.4787
536,112.19915
537,96.53233
539,98.113
540,102.58538
541,100.56515
543,96.44906
546,111.02075
547,102.32542
548,90.06362
551,100.959816
552,105.41669
556,109.33843
557,97.02759
558,99.17029
559,99.70824
560,100.549774
562,100.56125
566,95.26909
570,113.08723
571,102.87971
572,100.025894
573,101.518135
575,116.81181
576,107.90737
577,94.14824
579,93.716995
580,123.20224
581,96.06894
589,96.143394
591,103.81109
593,98.357124
594,99.942116
595,97.6892
598,99.18113
602,111.30262
604,108.11909
606,108.06707
608,94.85274
609,102.84862
610,95.77767
616,112.40165
617,94.50067
618,100.39354
620,104.45685
622,106.07041
623,92.06223
624,109.10602
626,108.28479
628,109.37261
629,93.56414
630,106.01135
637,96.94232
638,100.6304
643,104.582245
645,95.02594
646,106.71743
648,96.13216
652,92.77667
653,103.192024
654,113.08723
656,108.38312
657,104.64977
659,94.47322
660,109.30294
663,93.86654
664,109.37848
666,108.27521
668,105.637665
669,95.85531
671,99.95592
675,95.62507
677,94.26982
678,109.37773
679,96.343
682,92.33599
685,107.783356
687,96.05056
688,94.98197
693,106.00069
696,99.333015
698,93.13675
701,108.30762
704,107.70754
705,115.45048
709,106.93109
710,95.37122
711,110.63484
712,93.46378
714,108.4825
715,93.26094
716,96.56331
717,93.90004
720,120.89133
721,100.53349
724,95.15754
725,96.43981
726,110.65393
728,101.053604
731,95.17944
734,110.98533
738,94.14242
745,101.51361
746,97.50655
751,87.50495
754,92.92264
756,93.14373
758,105.347206
759,103.33966
761,116.28396
766,109.79383
767,107.63534
768,93.06151
769,109.64706
770,96.65832
771,92.157104
772,104.404045
773,102.58869
774,108.95776
776,107.69393
777,103.79568
780,112.68789
782,102.392235
787,103.41266
788,98.5259
792,92.673485
793,108.426476
798,103.664734
800,90.766426
806,96.56331
809,110.59408
811,103.80671
812,92.813774
814,117.050064
816,101.46657
817,100.18451
818,96.74486
820,99.69505
823,100.32486
829,94.57691
830,105.5263
831,91.33529
834,106.25665
839,97.2176
841,95.61835
844,102.65547
845,98.2191
848,95.49604
850,111.49892
851,104.808136
852,96.40291
854,92.99532
855,96.24982
856,102.58287
859,105.05109
861,108.95776
864,92.90862
865,109.35058
866,93.70128
867,93.368164
869,93.46886
871,95.017876
872,96.56331
882,100.751656
883,96.31278
885,100.20476
888,99.26896
893,96.404335
901,108.8424
903,101.41836
904,97.08259
905,106.58667
910,94.99237
911,108.18391
914,117.12656
918,105.529274
921,90.00893
928,97.3346
929,108.810745
932,102.12174
933,103.158516
934,94.99237
935,111.68931
937,92.71582
939,99.82711
940,103.69576
941,96.93057
942,108.18447
943,92.74173
944,107.151146
947,96.56331
949,108.39913
951,103.19409
952,104.770226
953,101.41836
954,80.70899
957,107.55355
959,92.406494
960,109.52016
963,117.050064
965,96.56331
967,105.16744
971,100.57034
972,77.90591
973,92.955734
974,109.64014
975,107.216934
978,106.2018
980,105.92696
981,96.59313
984,112.33749
986,94.99237
988,93.06151
989,106.96721
990,104.588875
992,108.8424
996,104.64505
999,105.99237
1000,107.36926
1001,109.35058
1002,92.808464
1003,107.69393
1004,94.79811
1008,107.20481
1009,95.29309
1010,107.896255
1012,109.00988
1013,90.526146
1014,111.12799
1015,96.48266
1016,117.050064
1019,97.52848
1020,105.05253
1021,94.99237
1022,112.047104
1024,94.99237
1025,93.42627
1027,97.06272
1028,106.139694
1029,101.832664
1030,99.18109
1033,107.96807
1036,95.96941
1037,105.07362
1038,93.18914
1042,99.82711
1043,102.61328
1044,95.36886
1045,107.510635
1047,115.195
1050,98.599144
1051,96.09202
1054,100.32486
1056,96.59313
1057,96.95814
1059,97.21332
1062,98.24839
1063,109.34093
1064,96.59313
1066,100.606636
1070,109.101746
1076,106.839355
1077,103.91744
1078,109.037704
1080,96.394264
1082,100.97103
1083,99.68087
1089,105.34919
1091,98.91058
1093,98.57467
1097,93.42515
1099,97.229065
1101,94.99237
1103,105.91199
1104,105.17428
1106,100.01061
1109,98.34203
1110,96.85734
1111,94.811844
1112,107.107735
1114,97.832726
1116,93.813995
1117,101.87811
1120,95.01733
1124,109.13524
1125,95.49796
1126,108.58871
1134,109.33957
1137,93.58237
1138,109.78481
1144,98.60871
1145,97.65424
1146,99.179054
1148,107.11131
1150,95.539314
1152,103.102844
1153,101.49106
1154,102.64636
1155,102.4116
1157,100.286224
1162,100.93177
1165,108.00092
1166,97.93365
1167,108.87437
1168,97.835686
1169,104.16847
1171,115.76229
1172,96.7548
1173,104.16847
1174,102.65659
1176,96.910286
1177,104.55491
1178,100.7745
1182,109.67299
1186,94.60435
1187,105.350395
1188,93.46206
1189,113.41097
1191,101.368286
1192,105.407814
1197,106.69443
1198,94.81443
1200,82.18805
1201,97.517296
1203,98.68216
1209,116.32764
1214,107.89619
1218,101.35466
1222,94.6681
1226,98.86095
1228,93.81257
1230,107.483376
1232,89.39166
1233,104.654816
1236,115.79258
1238,101.82334
1241,98.60871
1244,107.3358
1246,96.17786
1247,103.22234
1250,106.6233
1251,88.33123
1254,108.68625
1255,95.04841
1256,106.22197
1257,96.62281
1258,101.46881
1259,98.28061
1260,100.06487
1263,96.89141
1267,90.320206
1268,105.79332
1271,107.33057
1272,96.404335
1274,101.68817
1275,100.93177
1276,96.09202
1277,95.66963
1279,99.179054
1281,99.64278
1282,93.46206
1283,107.63415
1285,106.70187
1286,94.34798
1289,108.46709
1296,99.41686
1299,95.06802
1301,104.55272
1306,94.28503
1307,100.27448
1308,97.85428
1313,96.09202
1314,98.953545
1315,96.85734
1316,96.31999
1317,95.86421
1319,94.98056
1323,94.60435
1324,109.14714
1325,101.138374
1328,103.06254
1329,95.52302
1330,107.62312
1331,101.36849
1332,103.91997
1337,98.01209
1338,104.88756
1339,94.27908
1340,103.17234
1343,95.65236
1347,109.61714
1348,96.239975
1349,110.364746
1352,100.2325
1354,96.881546
1359,107.71987
1360,95.25759
1363,96.47646
1364,98.46854
1365,105.25122
1366,102.33254
1372,100.55441
1375,92.92386
1376,98.94108
1378,93.5406
1379,111.01363
1380,95.25759
1381,105.01547
1384,112.37791
1387,95.27647
1388,106.69288
1392,93.73293
1394,98.14813
1395,101.30728
1396,96.47646
1398,95.59034
1399,96.47646
1400,101.19323
1401,95.168884
1403,98.804054
1404,102.532166
1406,96.47646
1407,100.95072
1408,96.15824
1410,86.32159
1412,96.63544
1413,96.22369
1415,97.700584
1420,96.15824
1422,103.16929
1423,104.79174
1424,96.15824
1425,98.77826
1426,86.32159
1427,98.77956
1429,101.46073
1430,111.84814
1431,96.141335
1432,106.16724
1434,108.803955
1437,101.450195
1438,105.471016
1440,109.635315
1441,107.73498
1442,100.60669
1444,104.385994
1445,97.87998
1446,103.17989
1448,97.47409
1453,93.8548
1454,96.63544
1455,105.047325
1456,110.43714
1458,96.63544
1459,97.088356
1461,93.5912
1465,95.27647
1466,109.17385
1469,94.86957
1472,93.8548
1474,102.10449
1477,102.66546
1479,111.64456
1482,104.565994
1483,86.985435
1487,95.99421
1488,109.424515
1490,109.22768
1492,109.36652
1494,113.01596
1496,105.53608
1497,103.7261
1499,96.267624
1502,94.08866
1507,102.71919
1508,100.2325
1509,113.493286
1511,97.69871
1512,106.85002
1513,116.23901
1514,102.93999
1518,108.54255
1519,95.25993
1522,107.506226
1524,81.83748
1527,100.60669
1529,95.2737
1532,110.18953
1536,108.41387
1537,117.033455
1539,100.0651
1542,112.86525
1543,98.94108
1544,105.28135
1545,95.84284
1550,103.22806
1551,103.47499
1554,103.95693
1556,102.43925
1559,96.78194
1560,76.452805
1562,93.328
1566,95.25993
1567,107.89871
1569,105.933304
1570,107.64762
1571,106.45684
1574,100.2325
1578,102.43925
1580,92.53638
1583,107.13072
1584,100.2325
1585,106.060234
1586,97.59753
1587,108.048225
1588,91.14152
1590,112.59845
1592,104.013885
1596,101.90446
1598,95.82621
1599,100.469666
1604,113.62589
1606,103.1545
1607,96.22369
1608,99.33934
1609,116.09577
1611,96.86299
1613,101.498764
1616,97.9307
1619,107.382484
1620,94.40093
1621,108.398285
1622,99.11118
1625,108.622986
1627,116.09577
1629,92.60012
1634,96.617195
1636,98.6132
1638,108.58167
1639,102.30779
1641,101.41523
1643,101.07073
1644,106.83784
1645,113.51473
1646,102.81081
1647,102.787224
1648,95.10407
1652,92.53638
1653,108.30788
1656,94.04174
1658,100.469666
1659,97.453804
1661,100.86859
1663,96.22369
1664,99.727005
1665,104.52739
1666,102.43925
1667,99.94342
1668,80.18273
1669,101.387314
1670,102.06051
1672,107.82614
1674,111.493904
1677,109.424515
1678,96.28799
1679,110.02607
1680,105.42655
1683,108.90132
1686,104.34318
1687,103.16929
1689,98.80791
1690,96.695435
1691,116.56963
1692,109.31982
1693,100.2325
1695,98.637054
1696,93.8548
1697,97.14149
1700,102.43925
1701,97.59501
1702,107.86803
1703,95.60917
1704,108.46683
1706,99.64843
1707,113.34434
1708,96.35213
1710,94.21429
1711,105.66492
1713,109.54268
1717,105.49495
1719,102.43925
1720,100.91339
1722,97.25375
1725,103.320274
1726,96.23033
1727,100.40218
1729,106.38542
1730,94.57146
1731,110.06093
1733,102.43925
1734,95.92541
1735,103.16929
1738,101.498764
1742,104.05055
1745,111.493904
1747,97.87894
1749,96.6643
1751,96.74399
1752,82.07772
1753,89.12722
1754,96.31443
1755,96.401924
1756,98.13025
1758,109.40039
1759,107.117386
1760,100.84058
1761,104.41295
1762,93.23784
1763,109.31912
1764,93.903625
1766,94.284874
1768,100.87148
1769,88.90833
1771,104.727425
1772,101.17655
1773,105.31554
1774,106.97469
1775,108.37106
1777,109.48119
1779,107.117386
1780,101.88052
1787,95.5686
1788,95.18144
1790,95.18758
1796,108.55218
1801,91.06202
1803,91.45959
1807,108.05211
1809,110.93524
1812,97.44997
1813,107.51416
1814,104.77195
1815,108.681885
1816,95.341156
1818,96.3653
1820,94.61855
1821,115.50574
1822,95.64226
1825,92.90358
1826,105.66492
1828,95.63343
1831,105.90593
1836,136.77917
1837,97.38328
1841,101.45448
1844,106.286385
1848,98.592155
1851,100.0651
1852,99.04587
1853,95.193954
1854,100.97481
1856,95.26075
1859,110.358635
1860,96.785995
1861,82.5249
1863,105.26244
1865,97.18919
1866,97.55352
1867,98.82937
1868,95.03809
1872,98.13378
1879,101.12643
1880,99.03605
1882,92.770836
1885,108.94114
1887,99.18859
1888,96.06604
1890,92.41777
1894,100.532715
1895,96.70003
1896,95.53538
1897,105.3554
1900,115.08453
1901,96.72009
1902,112.69809
1905,94.182526
1906,106.49469
1912,101.71287
1915,93.10162
1916,109.63278
1917,95.46026
1918,108.55323
1920,85.22433
1923,108.04454
1924,106.289185
1925,95.197014
1930,116.09577
1932,96.30782
1933,103.75004
1934,102.24037
1935,97.38797
1940,88.10931
1941,96.609604
1942,118.464714
1943,103.97714
1944,96.78361
1945,92.88556
1948,116.80877
1949,93.38743
1952,102.89108
1954,99.67237
1955,97.09985
1958,93.910065
1959,91.05375
1960,109.31912
1963,96.05201
1965,105.73822
1968,95.89753
1969,99.04175
1971,96.42555
1972,107.94699
1973,95.13814
1975,94.83498
1977,106.48536
1978,95.341156
1979,108.75631
1981,94.58353
1982,112.86677
1987,108.20185
1988,95.25993
1993,107.072655
1997,94.471214
1999,96.534225
2001,101.68979
2002,115.292274
2003,94.114456
2004,90.500694
2006,114.82599
2007,94.19095
2009,100.84058
2010,95.30925
2013,99.00157
2018,97.7589
2022,105.42379
2024,130.66756
2025,97.57879
2026,102.92904
2030,100.98256
2031,96.27484
2032,101.71287
2033,96.305214
2035,108.56569
2036,111.58121
2037,93.476715
2040,100.20104
2043,103.88239
2044,104.58787
2046,106.24756
2054,103.2567
2055,102.61062
2056,101.88052
2059,93.46834
2060,96.72009
2062,97.01463
2063,111.180016
2066,100.532715
2067,105.24317
2072,85.96729
2073,106.07063
2074,101.629005
2075,95.29435
2076,98.91848
2080,97.6873
2082,96.72009
2085,95.61467
2087,107.38576
2091,104.63222
2092,99.63816
2093,101.88052
2098,97.94078
2101,109.31912
2102,96.3653
2103,88.10931
2105,100.25453
2106,102.56934
2107,97.13088
2110,96.81017
2114,95.4069
2115,118.464714
2117,96.84318
2118,96.20508
2119,109.58254
2120,92.99659
2122,98.514725
2123,108.63855
2126,96.974945
2127,98.191895
2128,100.90792
2129,109.21171
2132,103.851944
2135,103.105064
2138,105.77608
2139,116.09577
2141,110.9159
2142,94.15422
2146,103.15187
2151,112.745224
2157,101.58067
2159,99.0624
2162,100.905975
2164,116.4579
2167,94.34895
2168,106.146576
2171,103.97615
2173,94.03546
2174,103.92873
2175,96.811935
2178,98.7671
2180,102.28329
2185,107.1094
2189,91.53216
2190,105.433235
2192,101.41881
2194,114.78505
2200,124.340965
2201,93.844284
2203,107.70382
2204,93.42227
2205,111.39737
2209,110.61589
2213,107.33656
2214,95.22312
2215,107.827156
2216,94.54875
2218,92.04515
2219,108.231476
2220,95.06951
2222,94.01108
2223,96.76613
2225,98.66211
2226,98.68123
2230,93.59112
2233,107.93822
2234,113.6015
2235,93.42227
2236,80.33386
2237,95.08194
2240,117.20368
2241,97.41022
2248,103.330345
2249,97.45661
2250,94.23755
2252,105.89281
2253,88.71418
2254,106.00283
2256,75.83021
2258,93.999725
2259,106.84484
2262,101.36746
2265,98.08612
2266,105.856255
2269,101.69156
2271,94.02175
2273,93.30297
2274,113.73114
2275,94.163704
2277,95.218544
2279,93.42227
2280,76.53636
2282,102.28329
2283,102.8512
2288,93.33689
2289,103.17268
2291,92.56648
2292,116.019646
2297,99.4175
2298,104.73316
2299,95.93383
2300,106.47903
2301,94.98257
2304,101.24963
2305,94.32469
2306,101.36746
2308,98.04125
2309,93.925224
2311,102.414024
2312,95.45485
2316,104.35289
2321,106.088615
2322,109.64843
2325,108.03749
2326,98.91654
2329,116.019646
2330,96.10265
2331,104.61514
2332,106.751175
2333,101.36746
2334,103.35242
2335,107.7086
2337,114.99842
2338,106.50241
2340,106.751175
2342,93.02574
2345,94.95306
2349,100.89455
2351,77.50475
2352,93.19843
2354,96.23981
2355,96.37223
2357,98.66211
2358,94.03397
2360,104.32932
2361,96.23981
2364,99.1946
2366,93.23887
2369,103.19683
2370,101.8383
2371,107.798454
2373,112.12119
2374,97.05118
2376,108.00841
2378,109.89047
2382,96.56948
2383,93.9401
2386,108.935295
2387,101.243225
2389,97.839165
2390,103.357056
2392,94.84874
2398,106.751175
2399,93.16384
2400,84.54496
2401,106.52596
2402,101.81163
2404,105.74891
2407,102.73792
2408,103.37628
2409,105.21276
2412,98.69315
2413,99.894775
2415,97.40578
2420,103.636185
2422,95.86916
2423,105.68867
2426,95.24924
2432,101.898254
2434,93.01764
2435,99.03306
2436,105.98531
2438,108.35304
2440,111.387794
2443,93.85219
2444,98.031166
2447,103.330345
2450,95.35977
2454,105.093544
2455,109.915146
2459,101.36746
2460,100.208496
2463,95.77488
2465,100.79422
2468,87.82603
2469,93.282906
2474,92.938774
2478,102.55322
2480,93.710106
2481,117.20368
2489,102.28329
2490,100.019455
2492,96.48477
2496,101.36746
2497,105.05224
2500,95.47416
2505,101.1418
2507,109.33735
2508,111.39737
2509,93.67478
2510,89.8924
2513,94.8494
2515,102.28329
2518,93.9401
2519,115.2851
2520,93.9401
2521,112.386444
2523,109.258125
2525,96.70389
2529,111.12245
2530,94.589
2533,107.08388
2535,95.6438
2538,90.71892
2544,103.60201
2553,107.79867
2556,97.58762
2558,95.25558
2559,110.773056
2560,97.872856
2561,105.733765
2562,93.97017
2563,108.461266
2564,93.735146
2565,106.81523
2567,100.21991
2572,97.64052
2575,94.915985
2576,109.82522
2577,93.37816
2578,99.00204
2579,106.64596
2580,97.67553
2582,103.15264
2583,95.918
2587,93.29874
2589,106.234665
2590,93.723854
2591,111.12245
2594,112.19367
2597,99.0058
2598,103.44226
2599,96.31976
2600,103.66902
2602,105.13057
2603,97.64052
2604,98.36395
2606,105.992355
2607,81.37745
2608,86.82353
2613,111.87725
2614,94.21123
2615,118.00265
2617,124.17434
2620,95.22408
2623,108.91217
2624,94.94961
2627,111.87725
2629,81.37745
2630,102.145584
2632,94.08647
2636,93.63874
2639,108.903076
2640,107.717445
2642,111.12245
2644,103.735855
2646,112.06703
2647,93.63874
2649,96.75465
2650,104.59367
2652,103.735855
2653,101.21769
2655,118.00265
2657,106.751175
2659,95.77467
2662,94.728874
2663,116.979
2664,103.7539
2665,105.27065
2670,98.72554
2671,110.5247
2672,98.46128
2675,103.735855
2677,98.021576
2679,99.73636
2683,109.68267
2684,96.05811
2685,103.374825
2688,108.975075
2689,94.92016
2690,111.93719
2693,108.8126
2694,109.85323
2697,92.91722
2699,92.8443
2703,97.43245
2705,108.42898
2709,98.09313
2710,101.83091
2711,108.66072
2712,97.4839
2713,98.796875
2714,112.04366
2715,96.778114
2717,93.80686
2718,104.08296
2720,106.0519
2721,97.35846
2726,94.5156
2728,92.9573
2731,102.628105
2732,97.35214
2734,93.94009
2736,103.20903
2737,99.92374
2738,104.61188
2739,108.96794
2746,92.64496
2749,102.05213
2751,112.99333
2752,118.30804
2753,98.563225
2757,99.87748
2758,92.84915
2759,111.56217
2760,104.73093
2762,109.99666
2764,96.51028
2765,110.43975
2769,100.7981
2771,104.67111
2774,95.651596
2776,97.51548
2777,100.58352
2778,95.73534
2779,112.347595
2782,95.81938
2784,97.35846
2787,96.155685
2789,92.38267
2792,96.83499
2798,94.50541
2799,103.19461
2800,98.10178
2801,88.38662
2802,95.88119
2804,97.02795
2807,104.545006
2808,101.99303
2809,103.94763
2811,116.584496
2812,99.827484
2814,91.04136
2816,97.079185
2817,99.02418
2818,102.21645
2820,105.04314
2821,99.780205
2822,93.36486
2823,108.13268
2824,98.721306
2826,91.28946
2829,93.56139
2834,94.72015
2835,98.04842
2838,102.15199
2839,94.743195
2840,98.06148
2841,103.77756
2842,101.12621
2846,102.28829
2848,96.67066
2849,96.57793
2850,112.04366
2851,99.00204
2853,98.47198
2854,111.12245
2858,103.41078
2861,99.92743
2864,95.946945
2865,116.979
2866,105.85493
2867,95.97142
2868,109.50421
2870,108.41528
2877,98.37764
2878,111.87725
2880,109.29943
2882,78.6191
2883,96.757164
2884,108.91916
2885,95.96667
2887,102.28329
2888,94.5427
2889,96.24694
2890,104.18291
2891,102.04489
2892,116.99364
2893,94.01343
2898,101.36416
2899,98.10266
2900,98.07449
2901,94.74204
2909,98.785515
2910,109.00748
2911,105.44393
2913,94.37534
2914,98.65488
2918,90.612236
2919,112.81296
2920,94.20698
2921,111.87725
2922,98.75846
2923,104.979546
2925,103.750015
2926,97.67553
2927,112.16733
2929,107.86991
2933,95.95782
2934,108.45531
2936,100.681885
2941,104.056984
2942,101.58299
2943,112.96042
2945,120.554504
2950,96.24166
2951,105.77078
2953,108.66137
2954,105.46966
2955,109.02778
2956,102.16489
2960,96.99402
2962,92.448715
2963,106.16741
2964,104.18291
2966,79.08239
2967,93.484116
2968,102.84074
2969,95.003555
2971,94.979645
2972,100.11982
2974,97.08738
2975,108.76727
2977,113.01596
2980,111.48074
2981,95.021996
2983,103.70375
2984,97.824295
2985,116.019646
2986,94.09138
2987,100.11982
2989,98.71504
2990,106.11567
2991,112.43755
2992,87.508316
2995,94.043396
2996,101.139824
3002,98.481544
3004,110.303925
3005,115.48391
3006,96.760635
3010,97.66651
3011,104.12453
3014,98.16263
3015,101.19569
3016,103.32934
3017,104.77522
3018,95.4231
3021,105.44928
3024,103.44226
3028,95.804504
3030,96.56766
3032,98.32633
3039,95.61724
3040,108.5698
3041,95.49389
3043,98.74141
3044,110.27883
3046,110.07286
3055,96.16369
3056,97.0418
3058,94.90811
3059,108.833275
3061,116.99364
3063,99.263084
3066,101.95965
3067,103.44226
3068,79.10406
3069,98.149826
3072,116.18931
3073,107.82614
3074,101.51075
3077,93.28852
3082,107.63979
3084,94.043396
3085,102.81254
3088,103.735855
3091,93.44847
3092,107.79584
3093,99.71753
3094,102.628105
3096,101.853676
3097,94.57958
3098,78.47531
3102,116.50879
3106,93.81781
3109,104.04182
3111,98.37883
3112,115.48391
3113,98.22553
3115,85.17995
3116,109.68433
3117,95.05159
3121,97.09622
3122,95.24628
3123,96.265526
3124,100.019455
3125,103.32934
3126,105.28127
3127,116.56963
3129,94.37842
3130,108.854095
3132,103.2715
3134,97.71397
3135,95.53433
3137,94.9052
3138,108.60112
3140,110.65694
3144,109.85323
3145,97.531136
3146,116.670586
3147,96.2885
3148,108.95529
3149,108.58016
3150,109.40526
3151,105.77764
3152,99.55754
3155,103.34185
3156,111.6269
3159,95.80118
3161,105.27362
3162,109.38977
3163,99.15042
3165,104.68171
3172,98.61314
3173,104.68434
3176,103.12712
3177,98.14551
3179,108.76727
3183,93.958626
3186,96.15269
3187,105.659676
3189,96.849655
3190,94.15156
3192,116.56963
3193,98.61314
3194,108.98842
3197,102.75905
3198,96.70533
3200,95.466286
3201,115.469734
3202,96.70533
3204,100.28271
3205,95.192795
3206,110.49432
3208,109.0338
3210,105.50915
3211,97.853325
3212,116.99364
3213,98.4319
3214,108.088715
3216,104.18291
3219,94.85133
3220,110.96652
3221,98.22553
3226,109.87315
3227,105.50435
3228,115.89235
3229,98.750755
3232,85.86011
3233,97.904594
3234,100.43448
3236,100.88335
3238,109.02096
3239,107.40588
3240,99.615265
3247,111.88959
3249,98.58235
3252,106.86544
3253,96.85833
3254,103.44015
3255,99.260735
3256,100.998215
3257,95.42563
3262,103.12527
3263,103.735855
3264,102.16489
3266,110.288086
3267,105.09669
3269,93.2696
3272,116.019646
3274,102.75905
3275,97.35845
3277,106.41379
3279,95.76667
3280,107.087906
3283,94.69987
3285,101.892815
3287,96.03243
3288,103.44226
3290,95.29129
3291,95.87331
3298,107.59543
3299,99.94954
3302,102.49989
3303,95.423615
3304,94.35399
3307,95.69166
3309,104.212204
3314,79.29707
3316,108.464
3317,94.06064
3319,95.01741
3320,108.14034
3321,96.24166
3322,105.89304
3324,93.83198
3326,92.45515
3329,109.300476
3330,94.23782
3331,111.19675
3335,116.99364
3337,104.53161
3338,109.95018
3339,100.88091
3340,106.278206
3341,94.491844
3343,96.73181
3346,96.599106
3348,93.703224
3351,102.16661
3352,116.13166
3355,95.5353
3356,117.44254
3358,97.132675
3359,98.47868
3360,103.47606
3371,95.74181
3372,96.6322
3374,102.8313
3377,105.121124
3378,95.688156
3380,105.4583
3382,102.34791
3386,97.89355
3389,103.40437
3391,108.211395
3393,103.51769
3394,109.870926
3395,95.64398
3397,112.0616
3398,96.92836
3399,90.74527
3400,93.590744
3404,107.20281
3407,106.66993
3409,108.81036
3419,106.41379
3421,98.77769
3425,95.419556
3427,95.34108
3428,116.019646
3429,107.04783
3431,93.59209
3435,93.353035
3436,107.2205
3439,98.21353
3441,103.51127
3442,116.019646
3443,103.12527
3444,103.87194
3445,98.093346
3446,104.07092
3449,97.24347
3453,97.34421
3457,97.91044
3460,102.90726
3461,105.72986
3462,94.1654
3464,99.28837
3465,76.41325
3466,93.77014
3467,96.90358
3468,103.15042
3469,106.42221
3470,101.41702
3472,111.3068
3473,97.171555
3475,95.99684
3476,107.68355
3478,103.06722
3479,111.74257
3483,94.2253
3484,104.81245
3485,94.693405
3487,95.99684
3488,108.992
3496,107.09073
3497,96.28438
3499,96.10812
3500,78.79945
3501,95.29059
3504,94.481476
3508,101.30598
3511,96.261955
3512,95.89412
3515,93.914345
3517,96.48622
3518,101.613945
3526,99.90981
3528,103.10539
3529,98.701416
3530,107.19246
3531,93.4365
3532,109.41536
3533,95.81868
3534,97.451096
3535,79.49134
3536,95.70418
3537,107.903755
3538,94.81457
3539,107.78519
3540,105.101845
3545,108.11404
3546,94.78603
3550,113.627785
3551,99.922325
3553,94.52936
3554,102.90726
3557,95.27003
3558,111.354546
3559,97.24347
3561,95.391
3562,112.0616
3563,95.81507
3564,102.16661
3565,98.093346
3567,103.51358
3571,102.16661
3572,101.71325
3574,98.43258
3576,96.98179
3577,106.66993
3578,95.29059
3579,97.91961
3583,97.8023
3585,98.4475
3586,109.12342
3587,108.51236
3593,98.97926
3594,106.58432
3595,95.61724
3599,95.24241
3600,104.58964
3601,111.3068
3602,97.24347
3604,101.49348
3609,114.40702
3610,103.658325
3612,104.399796
3614,105.5416
3615,94.157555
3617,96.15108
3618,116.91004
3619,107.93574
3620,106.29436
3621,102.13031
3625,94.23364
3626,103.08404
3630,104.37904
3631,106.3112
3632,104.012314
3633,95.03853
3634,109.49167
3637,95.08423
3639,94.56625
3640,105.1126
3641,96.04544
3644,117.44254
3645,95.83683
3646,92.628654
3647,93.45374
3648,110.05014
3653,109.50208
3654,85.6611
3655,108.42189
3659,103.342995
3660,102.84306
3662,97.09483
3666,95.768654
3668,94.0523
3671,95.20688
3673,96.14118
3674,102.86664
3675,96.282814
3681,99.894844
3682,109.3617
3686,108.088715
3687,100.27639
3692,96.85893
3695,108.83388
3696,112.89237
3699,108.52519
3705,104.798225
3707,85.86011
3708,94.865616
3709,109.3617
3710,93.03303
3712,102.01206
3715,108.28255
3716,98.56914
3720,106.80056
3722,85.86011
3726,94.039986
3728,95.47826
3729,102.16726
3731,105.49729
3735,109.683784
3736,97.0761
3739,105.85572
3741,110.21444
3743,111.17033
3744,94.920746
3745,107.87142
3746,108.09688
3751,94.251656
3753,101.92611
3760,96.39217
3761,96.07469
3762,108.66608
3763,95.439156
3765,95.597435
3768,113.887794
3769,102.88983
3770,96.874115
3773,107.94588
3774,102.75219
3776,95.5437
3778,100.081154
3779,100.685524
3780,94.867065
3781,106.09527
3782,103.58008
3783,111.20886
3784,93.82844
3786,93.56956
3789,99.607475
3790,93.546555
3793,110.46747
3795,109.06817
3797,100.9514
3798,116.540146
3800,108.129906
3804,99.92194
3810,95.3235
3815,109.29253
3816,99.92194
3818,104.86708
3824,110.55235
3828,103.459854
3830,108.338806
3831,99.687996
3832,82.876396
3834,109.18217
3835,93.754814
3836,107.845634
3838,101.80197
3839,116.80877
3840,114.57937
3845,94.16524
3846,96.04099
3847,97.21104
3849,80.05329
3853,110.12408
3855,101.88052
3856,101.95583
3864,95.50851
3865,93.334114
3866,112.545105
3867,102.68082
3868,108.129906
3869,97.718285
3871,96.396835
3875,99.77789
3876,95.873276
3878,98.10229
3879,106.385544
3881,108.129906
3883,98.60569
3884,102.22599
3886,111.28143
3890,100.41414
3893,99.15077
3897,94.7826
3901,100.487236
3902,108.7834
3913,95.52341
3914,92.39718
3916,97.31309
3917,108.79594
3924,95.09575
3925,101.68903
3928,97.03724
3929,107.8171
3932,96.30234
3933,103.68075
3934,95.54522
3935,96.09548
3936,105.355484
3937,95.45438
3938,93.90171
3939,106.79765
3943,94.58389
3944,110.795746
3945,109.21168
3946,97.23826
3947,108.346825
3948,94.41669
3949,108.78429
3950,94.878525
3951,100.8091
3952,93.01413
3953,97.53489
3961,115.00267
3962,95.24945
3966,96.875
3967,109.065865
3968,94.332245
3969,111.381035
3970,95.99448
3971,98.739845
3973,104.471214
3974,110.638245
3975,116.10337
3977,94.86868
3979,113.178734
3985,102.86326
3986,105.54288
3988,107.16675
3991,98.63591
3992,104.08728
3993,106.68019
3994,85.70588
3995,106.71625
4005,109.17016
4007,94.94033
4008,107.80453
4009,99.208755
4010,107.98647
4011,96.49777
4012,97.33442
4013,97.57534
4015,98.72529
4016,105.560715
4018,106.08759
4025,106.9518
4026,108.4732
4028,111.95202
4029,99.786255
4031,97.29979
4032,109.20157
4033,98.74014
4034,105.69083
4037,97.92706
4038,101.04977
4039,97.77964
4041,99.102745
4042,101.31801
4043,103.71571
4044,103.68075
4045,96.89455
4046,112.63359
4047,93.76381
4048,90.754684
4049,96.61551
4051,92.306786
4052,111.88456
4058,103.68075
4062,110.20023
4064,110.4608
4067,96.94498
4068,77.13538
4070,95.16187
4072,114.88726
4074,109.62826
4075,99.92706
4076,108.64197
4077,93.7139
4078,101.40235
4080,103.68075
4082,99.25647
4085,95.9369
4086,98.259224
4088,108.4732
4089,98.61126
4092,76.60781
4094,100.39929
4095,110.55483
4096,97.65764
4097,111.26025
4102,99.178185
4105,119.926704
4107,105.16745
4111,100.75761
4112,112.70735
4113,93.36081
4114,104.1457
4115,85.32782
4116,112.41097
4117,95.23859
4118,98.472305
4119,98.56619
4120,92.056885
4122,87.75893
4125,95.48847
4126,116.10164
4129,107.67999
4134,101.11709
4137,98.61581
4141,110.11215
4142,97.217415
4144,99.148544
4145,95.09575
4146,102.022316
4150,95.32628
4151,91.488
4154,96.94498
4156,92.27714
4157,107.6118
4159,105.560715
4160,96.205215
4161,100.648735
4168,95.08778
4171,105.54288
4172,95.72958
4173,99.786255
4175,94.968605
4176,103.68075
4177,99.148544
4178,106.40028
4179,109.16707
4181,112.56345
4183,99.786255
4184,114.206894
4185,96.01537
4186,106.648544
4188,109.38314
4190,109.230034
4192,94.449524
4193,98.71227
4194,113.587524
4195,108.68671
4196,82.27861
4202,99.25605
4203,109.028496
4208,95.276855
4209,111.75541
4210,100.85603
4211,106.773994
4212,116.3648
4214,102.69899
4215,105.68705
4216,109.04559
4217,94.600975
4219,94.45052
4222,95.45438
4224,90.39944
4231,102.60299
4232,99.786255
4234,101.320724
4236,99.148544
4237,102.58538
4240,103.98859
4242,93.93722
4243,92.20604
4247,105.36173
4248,108.875565
4249,107.23403
4254,102.984566
4263,99.68559
4265,117.6214
4267,105.00788
4268,107.51468
4271,101.05662
4272,95.134094
4273,108.11014
4274,96.38543
4276,100.421684
4278,97.85144
4280,95.853615
4281,110.122826
4283,94.292755
4284,109.661865
4285,104.85609
4286,110.94704
4287,106.666954
4288,110.58185
4289,93.676544
4290,92.54349
4293,95.29391
4296,110.20251
4297,96.046074
4299,94.47284
4303,99.98531
4310,94.10031
4312,105.34607
4318,102.58538
4320,97.744484
4322,92.70005
4323,110.3261
4325,105.164055
4326,107.98805
4328,110.17184
4330,109.48048
4332,105.432144
4333,104.4767
4335,102.17942
4336,103.5806
4338,95.70164
4341,99.804115
4342,101.537895
4344,103.68075
4347,101.76062
4348,102.84862
4351,111.28585
4352,100.30722
4353,98.3591
4355,104.09038
4356,95.99653
4359,102.42167
4360,104.22519
4361,96.918976
4364,96.72861
4365,102.92221
4368,94.92597
4372,94.50278
4374,100.52154
4376,95.30989
4377,111.77493
4380,96.01993
4383,105.015755
4384,97.85144
4385,99.39569
4389,91.139084
4391,88.45257
4392,111.37193
4393,93.91432
4395,97.54406
4396,111.314644
4398,107.88892
4399,103.18462
4401,93.47721
4406,108.71936
4408,104.34437
4412,102.84862
4415,94.544914
4418,111.04867
4419,100.52154
4420,77.18254
4422,110.75593
4423,100.52154
4425,103.874886
4428,96.10488
4431,96.958336
4434,94.8397
4436,96.53167
4437,107.8061
4439,117.473015
4440,95.247345
4441,111.04807
4444,95.411194
4445,102.69899
4446,100.21307
4447,98.96921
4452,109.58132
4456,100.59369
4457,95.72961
4458,94.66654
4460,95.99653
4461,114.19881
4462,94.12378
4465,99.14449
4466,97.32908
4468,102.14353
4469,109.75971
4472,111.719925
4475,94.3202
4478,92.90428
4479,116.20765
4480,97.45114
4483,100.254
4484,96.392235
4485,107.43478
4486,96.246735
4488,97.794785
4489,108.84471
4490,95.49294
4491,102.1131
4492,99.3819
4493,101.52083
4494,94.5307
4495,100.28955
4498,92.913956
4499,95.62412
4500,104.33399
4503,107.25277
4505,99.14449
4506,103.34606
4507,95.07454
4508,102.58538
4510,107.53961
4511,94.610306
4513,96.58972
4516,77.635
4519,94.70944
4521,104.23155
4531,95.81318
4532,78.50515
4533,111.01402
4534,107.59454
4536,102.58538
4537,95.72961
4539,103.03899
4542,102.85641
4545,94.22014
4549,93.569565
4551,96.16011
4554,105.12624
4556,101.08884
4559,111.64958
4561,110.33076
4562,104.943146
4566,102.927666
4569,96.089165
4570,111.314644
4573,96.51717
4574,99.964035
4575,98.71557
4577,100.91112
4578,95.311615
4580,97.52236
4582,94.861755
4583,110.75593
4585,92.52343
4587,102.58538
4595,95.72095
4596,100.333916
4601,96.22145
4602,110.17383
4603,94.57848
4605,102.31412
4606,97.20507
4607,112.33924
4608,100.97501
4610,94.96773
4613,110.61299
4617,96.93841
4618,95.9203
4619,94.39423
4620,94.8293
4622,101.52218
4625,95.99653
4626,102.58538
4627,96.19682
4629,99.113914
4631,94.79633
4633,102.58538
4634,98.69406
4635,98.44566
4639,95.78695
4640,114.54769
4642,104.926544
4644,97.51744
4646,102.58538
4647,89.60021
4648,76.79425
4649,95.21694
4650,108.34631
4655,93.569565
4660,98.17609
4661,111.47482
4662,102.01534
4663,109.877014
4665,94.850975
4666,113.867355
4667,105.32069
4668,96.67666
4670,95.41044
4671,100.883766
4672,100.43503
4673,105.166534
4675,107.155495
4676,90.40025
4677,108.4511
4680,96.314095
4682,96.92857
4683,115.80953
4685,102.84862
4686,98.2384
4688,112.966606
4690,110.72094
4692,105.44736
4693,95.415016
4697,93.712326
4700,103.321335
4702,102.47063
4707,116.33986
4708,95.40528
4710,98.46159
4716,99.76276
4717,95.3385
4718,95.197075
4720,95.51489
4721,91.83133
4723,101.41093
4726,109.33256
4727,93.6832
4729,97.51996
4731,92.85632
4732,112.25849
4735,110.22016
4736,106.025475
4737,93.87803
4738,112.44443
4739,97.96786
4744,103.70843
4747,94.545586
4749,94.176186
4750,95.40528
4752,111.849785
4755,95.10424
4756,109.21728
4757,108.05189
4758,96.01673
4759,103.43463
4763,95.478264
4764,104.10501
4765,94.05804
4766,101.460205
4767,105.98553
4769,111.10321
4770,97.56973
4771,98.73011
4772,103.75055
4774,113.90443
4776,108.43884
4777,106.84081
4778,105.22752
4780,93.48438
4784,93.98437
4786,97.57916
4787,77.07354
4788,97.48857
4789,111.849785
4791,102.829544
4792,94.69042
4795,105.93352
4796,94.99384
4803,92.82388
4805,97.584915
4807,95.55287
4809,98.37961
4816,92.36239
4817,90.99679
4818,92.70867
4820,96.79449
4821,101.55437
4823,107.66049
4824,95.45982
4825,110.94558
4829,96.52951
4830,99.51986
4831,109.77351
4833,99.22863
4836,96.46026
4837,112.966606
4838,100.181244
4840,92.27643
4841,74.95328
4842,95.70637
4843,97.60778
4844,102.994415
4849,111.54787
4851,91.863495
4852,96.2073
4858,98.79422
4860,99.51986
4863,106.28631
4864,97.467476
4865,108.029236
4867,98.65927
4868,94.30225
4869,107.90712
4873,99.78721
4875,105.84434
4876,100.66896
4877,98.50293
4878,96.78628
4880,77.05633
4886,122.91526
4888,103.70843
4889,91.38038
4890,107.60201
4893,103.36043
4895,105.57864
4896,101.925835
4899,98.0589
4901,110.04392
4902,110.10922
4903,92.894356
4904,111.849785
4910,95.570206
4912,94.962326
4915,99.82749
4916,116.63779
4917,107.5706
4920,103.75055
4927,106.38281
4928,95.291176
4931,105.46547
4934,94.74263
4936,97.835754
4939,100.187706
4942,107.290596
4943,98.54884
4944,103.02843
4945,96.40372
4947,96.78628
4948,96.79293
4951,95.50312
4952,111.849785
4953,94.911194
4956,92.894356
4957,109.86492
4958,105.226295
4960,98.102806
4968,98.99579
4969,107.97816
4971,108.17539
4973,113.51
4975,112.55235
4976,97.00443
4978,100.1158
4979,107.87426
4982,93.947075
4983,104.33227
4984,96.155304
4985,114.52014
4986,96.95585
4987,115.30137
4988,95.028534
4994,92.40044
4995,96.30706
5002,95.131996
5004,94.99655
5005,97.87709
5006,98.914986
5007,100.29267
5009,106.22018
5011,113.51
5014,103.41638
5015,109.59617
5018,96.09546
5019,106.1309
5020,93.55163
5021,100.01958
5022,94.67707
5023,102.87238
5025,99.69416
5032,104.51233
5034,94.15111
5036,92.99496
5038,93.63462
5039,96.080986
5046,89.52128
5049,106.1309
5051,90.71285
5052,95.814255
5053,113.90443
5054,99.51986
5055,93.18714
5057,94.90284
5059,99.56231
5062,108.00839
5063,109.97056
5065,98.195404
5069,95.992546
5071,98.0885
5074,105.94353
5075,94.169945
5076,101.829056
5077,76.78219
5079,108.962944
5080,93.59042
5081,113.52323
5083,104.53017
5088,103.58707
5089,96.46864
5093,102.781235
5094,96.87405
5095,95.13855
5099,113.99466
5101,107.04987
5103,99.018394
5104,96.679245
5105,101.602234
5107,93.29616
5108,106.01397
5109,95.264626
5111,97.17277
5112,96.69584
5113,95.34029
5114,94.550766
5115,96.205215
5118,101.06558
5122,99.51986
5123,79.53824
5125,102.12883
5127,100.34687
5128,106.41492
5129,116.182655
5132,98.93651
5134,95.28037
5135,95.213356
5137,110.526146
5142,93.32054
5143,103.924515
5144,95.29224
5148,99.01407
5149,94.47998
5150,95.09575
5154,77.07354
5155,102.00042
5159,92.502556
5164,96.44378
5165,111.28155
5166,105.378006
5167,98.01505
5169,94.236595
5171,94.237114
5172,107.53961
5176,102.30267
5184,98.64288
5185,97.33596
5186,102.59613
5188,95.66575
5189,102.749374
5190,128.19264
5191,111.28155
5193,107.67999
5196,94.22655
5199,91.80863
5200,105.40325
5203,94.38894
5204,108.12758
5205,134.88686
5207,96.09327
5208,103.230034
5212,103.71605
5214,96.38477
5218,99.43566
5220,92.95591
5222,95.76045
5224,94.928505
5225,102.58538
5227,102.16496
5229,103.17283
5232,93.42472
5233,113.25458
5234,109.386116
5237,111.35446
5239,113.22237
5240,95.50506
5241,106.217285
5244,94.23731
5248,107.090836
5251,92.70416
5253,95.16976
5255,99.75334
5256,99.29877
5257,96.16307
5259,94.84685
5260,110.0189
5266,91.57485
5268,91.700066
5275,113.34484
5276,106.06091
5277,105.997406
5279,94.68834
5280,101.0302
5281,95.346
5283,114.138214
5284,90.54434
5285,96.30706
5286,104.68967
5287,96.163124
5289,95.86238
5290,107.67999
5292,111.9759
5293,93.36668
5294,105.65225
5297,95.62695
5299,94.888504
5302,96.56903
5305,91.932625
5306,99.35015
5308,98.205444
5309,95.2366
5310,105.83206
5312,107.69649
5316,107.07264
5317,94.00602
5319,78.43323
5320,99.69416
5323,96.37006
5329,100.75359
5331,98.29331
5334,105.15584
5336,108.845634
5338,102.58538
5341,104.78648
5345,95.69767
5348,93.14389
5349,109.35836
5355,101.35663
5356,97.80768
5360,110.481285
5362,103.720024
5364,104.77235
5366,94.25534
5367,104.09825
5368,99.42196
5370,100.729126
5371,76.60781
5373,108.334656
5375,111.35446
5376,102.26092
5378,105.12681
5379,111.40807
5383,98.520805
5384,104.535835
5389,123.930725
5391,77.31445
5393,110.785255
5395,108.875565
5397,108.10558
5398,95.1031
5399,112.64128
5401,121.64494
5402,96.59966
5403,113.01833
5404,92.04891
5407,79.76825
5408,91.035614
5413,100.87576
5414,100.42854
5417,91.70758
5418,111.9759
5420,110.91356
5421,99.28068
5424,98.92853
5425,108.12758
5426,105.119194
5429,106.54291
5431,100.99006
5437,103.87583
5440,96.750534
5444,107.89196
5446,110.74932
5447,96.04163
5451,98.94933
5452,109.99267
5455,109.386116
5456,96.48905
5458,92.92199
5459,94.943115
5460,96.85372
5462,96.229774
5463,103.9383
5464,93.926506
5465,98.25348
5466,98.61392
5467,105.440674
5468,107.7065
5469,109.20959
5472,102.2036
5474,95.04869
5475,104.02107
5476,98.19872
5479,103.72483
5480,111.88456
5482,113.78222
5485,96.93201
5486,116.527565
5488,89.41453
5495,103.17283
5496,110.8805
5497,100.65429
5499,102.30553
5503,94.39679
5504,95.73879
5507,99.50068
5509,99.78246
5511,97.40409
5512,108.812485
5516,109.593636
5517,96.70422
5518,97.48526
5521,96.8735
5522,103.17006
5527,96.89321
5528,92.59614
5529,101.946945
5532,107.5662
5533,111.86913
5535,99.520226
5536,101.62223
5540,94.37278
5547,100.60228
5548,107.84443
5550,75.97792
5551,95.83313
5554,109.01591
5555,91.9806
5559,100.91966
5560,91.27059
5561,112.1298
5562,100.22105
5563,112.22088
5565,95.86488
5566,93.96445
5567,105.880295
5568,93.21423
5572,95.36699
5574,99.336044
5576,105.4764
5579,111.48382
5580,89.09936
5581,93.58697
5583,94.18688
5584,113.75049
5586,116.09797
5587,94.46372
5589,104.04754
5591,104.77604
5592,97.29929
5593,114.33753
5594,93.29811
5595,96.716934
5596,112.79949
5597,121.05102
5598,112.82266
5599,96.93054
5602,109.151306
5603,93.29811
5605,98.04891
5607,99.76499
5608,104.44333
5609,93.04764
5610,85.31088
5612,95.819084
5613,101.946945
5614,93.56813
5616,97.07422
5621,91.271645
5623,107.41259
5628,115.62195
5629,94.795494
5631,104.47834
5633,94.91457
5638,98.16294
5639,102.07172
5640,98.68461
5645,107.529854
5646,75.69782
5649,98.5041
5653,100.99621
5655,114.00008
5656,97.09568
5658,95.767204
5662,116.44696
5663,94.60316
5667,94.468475
5670,96.93054
5671,103.87583
5672,101.83398
5673,101.17025
5674,99.42986
5675,104.46844
5676,99.76429
5679,111.72585
5683,99.15431
5687,95.599655
5688,76.31646
5690,97.142586
5691,109.65923
5692,95.01159
5693,103.81378
5694,93.67714
5697,112.3184
5698,91.83508
5699,110.78803
5704,100.92865
5707,111.72585
5709,95.54556
5710,97.93077
5714,95.625656
5718,99.65963
5721,98.681
5723,94.340065
5724,98.30913
5725,95.40528
5726,98.21186
5729,99.36787
5730,95.764084
5731,100.77034
5733,77.16054
5736,96.4427
5741,102.17656
5745,108.78681
5747,101.019585
5748,102.30549
5750,113.99847
5751,102.91099
5752,96.66744
5754,94.28207
5755,95.486145
5757,96.445076
5758,111.54621
5760,106.27987
5762,104.10668
5766,104.50335
5768,97.21948
5769,112.180046
5770,97.698
5771,108.35534
5772,95.66471
5773,107.038376
5774,96.36466
5776,93.89195
5777,110.78803
5778,94.9846
5780,96.35362
5782,94.84006
5783,76.57828
5784,98.38062
5786,98.28277
5788,95.28372
5789,97.59131
5790,96.79078
5791,103.7006
5793,100.54732
5794,96.25041
5796,115.63572
5797,96.369156
5801,93.73556
5803,95.599655
5804,106.342545
5805,96.95954
5806,77.05633
5808,105.93352
5813,101.284454
5815,93.45975
5816,104.74137
5822,96.600685
5823,111.48317
5825,107.14696
5827,112.71573
5829,103.87583
5830,100.503174
5831,98.94332
5832,94.24037
5833,105.93352
5837,116.60026
5838,93.25188
5839,97.38123
5842,98.68461
5844,115.412964
5845,88.88458
5846,105.640144
5848,76.608116
5850,108.638054
5851,96.23111
5853,97.21948
5854,104.69916
5858,98.68461
5860,112.6617
5864,102.668686
5866,94.12345
5867,111.72585
5868,94.875336
5869,108.15181
5870,91.95053
5871,96.42432
5874,110.37865
5876,110.117546
5877,93.17757
5878,94.152374
5879,106.1309
5880,94.91481
5884,92.129074
5886,108.12758
5890,108.59177
5896,97.513664
5897,101.39627
5898,97.21948
5901,110.22731
5903,113.73731
5906,85.31088
5908,112.59529
5909,93.31456
5910,101.946945
5911,100.96536
5912,105.01345
5914,110.37865
5919,112.80928
5924,93.58245
5926,96.77841
5929,107.92886
5930,102.12673
5932,97.152275
5933,109.653984
5934,96.486305
5935,106.54231
5936,96.14473
5937,105.65887
5938,104.59906
5939,102.234314
5942,95.15593
5943,98.43432
5944,92.00294
5946,109.80972
5951,96.43918
5953,102.3547
5954,100.45517
5957,97.48526
5961,98.34524
5962,95.831474
5964,89.445885
5965,95.44708
5968,110.37865
5969,99.65963
5974,85.77661
5975,96.12927
5978,74.95328
5981,97.48526
5982,96.627884
5983,99.460655
5989,111.1893
5991,97.38368
5992,99.0829
5995,100.47959
5996,102.62117
5997,104.61989
5998,91.0752
5999,91.92989
6001,97.86653
6002,94.49533
6003,98.80887
6004,100.45517
6006,103.252914
6007,94.8973
6011,106.0155
6012,111.06223
6014,99.832306
6015,103.05046
6016,98.85394
6017,110.378494
6018,97.21948
6024,99.42261
6025,102.02249
6026,97.21905
6028,107.703514
6029,77.17242
6030,95.275764
6036,110.37865
6040,96.67752
6041,109.35926
6042,94.4478
6044,98.77908
6045,102.96042
6047,102.37297
6048,96.98717
6049,94.970055
6051,113.740295
6052,98.04388
6053,90.80191
6054,111.676506
6058,100.5908
6059,97.510635
6062,98.554924
6063,115.63572
6064,96.56902
6065,96.67752
6067,94.51866
6068,108.17752
6070,102.78849
6071,107.98693
6072,110.917274
6080,110.917274
6081,99.76279
6084,95.91884
6087,94.93946
6089,95.75733
6092,110.917274
6094,96.25938
6095,112.50814
6097,101.37849
6100,105.01438
6104,110.34573
6105,94.938354
6106,99.69574
6107,91.27788
6108,100.01959
6109,110.917274
6110,95.2831
6114,110.917274
6116,93.950615
6117,99.40541
6118,94.348114
6123,76.729195
6125,113.44596
6128,97.22703
6130,102.12928
6132,94.0489
6137,75.16782
6139,110.46335
6140,92.9499
6141,101.7755
6142,111.649124
6144,106.14679
6145,93.54703
6146,105.55657
6149,96.552444
6156,97.71184
6159,97.468994
6160,92.9499
6162,104.38526
6164,99.55768
6165,95.38432
6168,75.97792
6169,105.93352
6170,91.895164
6171,107.43479
6172,95.01254
6173,114.09458
6176,99.36787
6177,95.13202
6178,97.97149
6180,94.75626
6181,100.81779
6182,96.82094
6185,95.37755
6186,108.852806
6188,108.23724
6189,94.79301
6192,95.91884
6193,97.938736
6194,102.96042
6195,99.98963
6196,111.34972
6197,96.923706
6201,108.51487
6202,85.31088
6203,103.6542
6204,94.90015
6207,116.20358
6209,94.7686
6210,106.50053
6211,107.687195
6213,108.54014
6216,94.913414
6217,91.12335
6219,95.34694
6222,76.12354
6223,102.11367
6235,98.36144
6240,98.90643
6242,93.28514
6247,99.42986
6251,113.76958
6254,104.773094
6255,93.48612
6260,104.740715
6261,99.4765
6262,94.62157
6264,110.26083
6269,109.86192
6271,90.09204
6275,96.09328
6276,95.07236
6278,111.25036
6279,108.78681
6281,104.09908
6284,94.02813
6286,92.52053
6287,76.970474
6288,94.34151
6292,100.08478
6293,94.01306
6295,106.40613
6298,103.99375
6300,96.3193
6304,101.20299
6308,103.290565
6310,94.36215
6312,110.917274
6320,103.541664
6324,96.91381
6325,108.70834
6330,97.410675
6336,103.629715
6340,94.29637
6341,98.36144
6342,113.62942
6344,100.17718
6345,108.82231
6347,107.84443
6348,94.88043
6349,103.99375
6351,76.67152
6353,109.27587
6354,94.09387
6357,95.540215
6358,102.05143
6360,100.152756
6363,115.62195
6364,93.29526
6368,96.995026
6370,94.32122
6371,95.418625
6377,126.489426
6379,101.51156
6381,94.01049
6382,76.728645
6383,109.07232
6388,109.95798
6390,108.69997
6392,103.87583
6393,103.50208
6395,92.45011
6398,100.76378
6401,78.41671
6402,105.48225
6403,98.8508
6405,90.054085
6406,93.07685
6407,109.83708
6409,102.42604
6411,91.94227
6413,97.738304
6416,109.466675
6417,106.5924
6418,91.290375
6419,115.534904
6420,98.40098
6426,109.96668
6429,100.22855
6430,96.09545
6431,98.8508
6432,92.9471
6434,100.19229
6437,113.05777
6438,94.14674
6439,97.58355
6440,98.44326
6441,91.85162
6442,109.90807
6443,97.770935
6445,101.019585
6448,112.30394
6450,94.59529
6453,94.298965
6455,94.928246
6457,85.0881
6458,94.31779
6461,93.57271
6464,109.90468
6467,97.806
6469,94.3511
6470,87.181335
6471,92.108475
6473,96.760284
6474,96.81065
6479,93.57271
6481,97.2544
6484,108.13776
6495,91.60882
6496,103.84683
6505,99.97458
6506,102.87315
6508,97.35269
6509,95.829414
6510,103.34562
6512,97.31169
6513,97.99688
6514,106.38641
6515,93.75411
6519,96.02027
6521,94.11416
6523,76.25056
6525,98.39373
6526,98.63711
6528,95.79134
6529,97.62645
6531,111.23499
6533,95.99891
6534,98.323616
6535,108.00826
6536,93.790436
6537,112.099686
6540,92.35385
6541,109.07232
6547,108.12396
6548,100.18191
6551,110.33471
6553,100.13702
6555,96.9305
6556,98.51383
6561,77.8989
6564,95.70403
6565,108.00826
6568,101.58909
6569,109.90807
6573,85.958664
6574,93.57271
6577,106.67813
6579,114.1004
6581,99.65963
6582,99.152534
6585,102.45578
6586,98.176674
6589,99.78248
6590,76.55039
6593,100.197525
6594,116.653625
6595,90.89204
6599,94.66663
6600,92.09371
6601,98.19154
6602,92.85611
6603,112.30394
6604,91.45864
6607,110.90545
6608,109.62234
6609,91.81229
6611,97.17852
6613,109.90807
6614,96.017525
6616,95.3066
6617,109.90807
6618,102.61795
6619,102.381874
6621,96.9305
6627,99.56687
6629,104.74136
6631,77.09704
6634,93.673676
6636,96.896454
6638,101.58909
6639,109.90807
6641,111.19182
6642,93.12426
6651,109.741135
6654,87.81447
6657,100.54919
6663,97.24277
6665,101.332596
6666,102.53314
6668,98.352684
6669,96.9305
6670,94.79633
6671,96.10796
6673,99.924065
6675,91.918526
6676,76.728645
6677,96.002075
6679,93.27759
6680,108.746864
6681,103.34562
6685,102.96042
6688,96.77128
6689,91.71983
6690,99.96151
6692,109.90807
6693,91.25961
6694,96.473
6698,114.383865
6699,92.39645
6700,106.68816
6701,85.0881
6702,110.74933
6704,91.71983
6707,101.44226
6712,112.51793
6713,93.58907
6715,110.03773
6721,97.06363
6722,94.50552
6723,107.53328
6724,94.55749
6725,116.870346
6731,107.74482
6735,91.88132
6736,108.59565
6737,110.8266
6738,93.797005
6739,92.85848
6741,98.47128
6743,93.76297
6745,98.352684
6747,106.21043
6749,92.25827
6750,108.762375
6751,108.27708
6752,102.35861
6753,109.90807
6755,104.43955
6756,91.8313
6757,104.94574
6759,108.72763
6761,93.14988
6763,92.108475
6764,113.48068
6765,95.08426
6766,106.926895
6768,101.542046
6771,91.71983
6773,93.75292
6774,99.28011
6778,104.252045
6779,96.13975
6781,92.58186
6784,95.314575
6786,94.58195
6787,99.79137
6790,136.1945
6793,109.65355
6795,109.53038
6798,109.901215
6806,93.26097
6807,94.48865
6810,96.49499
6815,102.89857
6816,95.539825
6817,98.79922
6818,94.57664
6819,102.37297
6820,98.06332
6822,96.47519
6823,113.740295
6824,105.480896
6825,95.81174
6828,77.00183
6829,110.53699
6831,94.121185
6832,102.281876
6833,109.310875
6834,92.108475
6836,97.4664
6837,112.51793
6838,91.67066
6840,97.75762
6843,89.93332
6845,89.66941
6846,91.80336
6847,109.18615
6851,109.23854
6852,107.54698
6853,97.60153
6858,104.56754
6861,108.57098
6863,98.18967
6864,76.9917
6865,93.256676
6866,111.31374
6867,96.26742
6868,96.24536
6869,99.448204
6870,105.480896
6874,103.7223
6875,92.89627
6877,103.0779
6878,106.22105
6880,96.36491
6883,102.20081
6884,97.959145
6886,91.6662
6890,98.66131
6893,100.78588
6894,95.5332
6899,103.0779
6900,96.09128
6904,93.03578
6905,111.69655
6906,95.346054
6910,93.94014
6912,98.40505
6913,103.14539
6920,92.55781
6922,95.69301
6923,109.53038
6926,97.90668
6927,99.87365
6928,91.7354
6931,116.58667
6933,93.06641
6936,95.804
6937,113.20328
6939,94.60428
6941,94.8049
6942,100.542656
6943,94.57055
6944,97.89499
6945,93.91967
6946,96.74731
6947,115.386635
6949,102.37297
6951,103.357285
6953,102.22491
6954,84.97691
6955,103.67853
6963,102.9507
6964,94.23565
6966,93.52534
6968,91.35429
6970,102.04269
6972,108.70739
6976,110.82079
6978,111.31374
6981,92.97144
6985,105.553375
6986,95.84739
6987,105.15555
6989,97.07875
6991,113.740295
6993,105.54352
6994,92.118835
6995,102.61952
6996,92.74646
6997,110.253525
6998,91.55809
7001,102.84368
7003,111.53311
7006,94.0416
7008,99.23167
7010,89.15569
7011,95.341805
7012,96.46932
7013,97.46736
7014,108.512375
7017,99.754105
7018,99.79051
7019,89.66941
7023,93.466705
7024,101.063934
7025,94.993866
7026,107.40094
7027,91.75093
7028,98.0882
7030,109.53038
7031,139.65355
7033,105.00458
7036,92.57677
7037,90.54349
7039,96.55906
7044,94.43277
7045,112.51793
7046,97.858635
7049,92.89121
7050,95.80817
7051,102.04269
7054,106.07117
7055,97.76558
7057,95.28593
7060,103.0779
7061,97.37187
7063,92.083
7064,111.50154
7067,96.36491
7071,103.9491
7074,100.03668
7075,93.47712
7078,112.51793
7079,91.71983
7080,103.08476
7081,94.271164
7082,112.78636
7083,94.15244
7085,100.00653
7092,102.37297
7094,94.28923
7100,95.162704
7101,107.13073
7102,111.31374
7104,109.12078
7105,97.37187
7106,99.84884
7107,98.04195
7108,77.5027
7109,91.27209
7110,113.20328
7112,93.75839
7113,103.34562
7114,110.1844
7116,110.01972
7117,98.68813
7118,101.537994
7120,90.7157
7121,101.61298
7123,98.7417
7124,95.47558
7127,104.84616
7131,98.89873
7132,94.57664
7133,86.88763
7134,109.110344
7135,93.981125
7136,109.375916
7137,91.80614
7141,95.323395
7144,102.42604
7147,106.751595
7148,100.67096
7150,99.64676
7151,90.7157
7152,97.46964
7154,93.740616
7156,92.54529
7157,104.42522
7159,115.63572
7161,95.02766
7163,94.36148
7164,97.17695
7167,77.801094
7169,108.42771
7170,92.112595
7173,96.48754
7174,105.13967
7177,108.12852
7178,103.59571
7179,95.030945
7180,90.70551
7181,106.1309
7182,91.84286
7184,99.43471
7185,113.874954
7186,91.14005
7187,111.54287
7188,103.30506
7189,107.573875
7191,98.81077
7193,103.151024
7197,92.15327
7199,92.471016
7200,112.78636
7201,93.981125
7204,98.31759
7207,96.62318
7209,98.18967
7210,96.50891
7211,105.53163
7213,103.87837
7214,110.253525
7216,110.253525
7217,92.587296
7220,102.15489
7224,109.53038
7225,91.32455
7226,110.253525
7227,98.88898
7234,113.874954
7236,82.55629
7239,109.082886
7240,92.90213
7242,115.57625
7244,103.03018
7245,91.768845
7247,97.60053
7248,95.36649
7249,114.69165
7250,107.48044
7251,96.60136
7252,109.83577
7253,77.479324
7256,95.27566
7260,91.66933
7261,113.125465
7264,102.583496
7269,96.86907
7270,92.60264
7273,102.75583
7279,94.5823
7281,109.6874
7284,94.87281
7285,99.54927
7286,115.63572
7287,97.27677
7289,102.262146
7292,90.66663
7293,111.924255
7296,100.60303
7297,113.29314
7298,92.57364
7299,109.08485
7301,100.375206
7304,106.34402
7306,108.91335
7308,102.262146
7309,96.55263
7312,93.92094
7313,77.479324
7314,87.28738
7316,95.26072
7319,108.38207
7321,106.38712
7323,96.209595
7324,101.26753
7325,98.64121
7328,97.03532
7330,77.059685
7334,98.64121
7337,111.78587
7338,103.077866
7339,92.35089
7341,98.67165
7342,111.78587
7344,97.75002
7345,111.41567
7347,103.31121
7349,109.6874
7350,99.734566
7353,108.03637
7355,110.2221
7356,98.19302
7357,108.63855
7358,94.00582
7360,96.10499
7363,92.76603
7364,99.997154
7366,102.879166
7368,97.34476
7369,103.23726
7370,94.3139
7373,94.235435
7374,94.59678
7375,99.11715
7377,93.10873
7379,97.91596
7380,113.80048
7382,99.73183
7383,92.05302
7385,103.45012
7386,98.02131
7391,106.39726
7394,93.82256
7396,107.48044
7397,96.5134
7399,93.1825
7400,100.26667
7403,80.25177
7405,112.24211
7408,98.947044
7414,98.309814
7416,98.58841
7417,97.342094
7419,98.54065
7420,102.32213
7421,93.425644
7422,98.91477
7423,90.70913
7425,77.22596
7430,98.63054
7432,100.89025
7433,107.86032
7434,104.50557
7436,103.981636
7437,93.89035
7438,109.12841
7440,96.76002
7441,99.75635
7442,100.331
7445,104.11068
7446,99.88153
7448,108.228645
7450,95.67716
7451,98.03721
7454,107.561745
7455,97.57616
7457,106.16501
7459,98.64658
7462,98.45968
7464,98.03721
7465,103.23542
7466,97.035324
7467,104.60634
7469,109.64994
7472,92.16937
7473,104.63561
7479,98.64121
7480,103.01303
7484,95.976105
7491,96.64631
7494,98.20202
7495,98.53675
7501,100.28014
7503,97.292694
7504,103.01832
7505,90.86099
7508,109.044624
7509,92.935776
7510,77.479324
7511,95.11015
7515,100.17368
7516,98.06939
7517,93.11768
7518,100.53875
7519,95.1358
7521,100.922554
7522,100.55554
7524,114.24869
7526,100.472046
7527,94.155174
7528,98.47359
7529,94.40557
7534,114.250206
7537,111.88239
7538,104.26753
7540,99.050415
7541,109.901215
7545,108.28971
7551,99.75701
7553,96.557014
7554,101.159744
7555,101.59379
7561,108.35081
7562,99.8244
7564,99.600845
7565,96.76002
7566,90.20694
7567,104.08095
7569,101.30186
7570,93.03078
7571,108.83719
7572,101.867386
7574,103.92144
7578,109.54201
7579,90.12128
7586,93.09603
7587,96.78071
7590,98.36984
7593,104.63561
7594,106.16815
7595,90.20694
7600,91.282745
7601,91.891106
7602,84.19562
7603,107.63601
7604,90.54402
7606,101.9919
7608,96.6394
7613,80.222176
7615,105.993965
7616,105.37893
7617,109.12144
7618,94.155174
7619,101.715385
7622,106.909355
7623,99.713425
7624,102.17995
7625,98.67574
7626,95.24671
7627,99.22826
7628,79.304825
7631,102.46993
7632,102.63312
7633,92.827515
7634,117.80377
7635,92.58772
7636,108.688034
7637,108.688034
7639,89.82497
7640,77.16058
7644,112.40668
7645,85.41547
7648,99.51074
7649,95.32218
7650,106.61447
7652,103.23542
7653,101.04485
7655,96.43113
7659,104.9123
7662,94.94884
7664,94.06753
7666,94.84086
7668,102.01833
7669,110.3731
7670,96.73916
7672,99.30104
7673,103.22975
7678,90.37056
7679,89.8959
7680,95.99891
7683,92.61749
7685,115.63572
7688,99.013885
7690,105.089516
7692,95.937386
7693,93.133255
7695,111.78587
7696,97.12224
7698,87.26238
7699,106.81361
7702,94.964584
7703,108.98163
7704,96.60605
7707,95.11015
7713,78.512344
7715,107.884514
7717,106.766785
7718,100.481094
7719,104.76819
7721,120.04897
7722,93.571724
7725,98.35904
7727,98.813484
7730,93.703545
7733,93.17992
7735,99.10714
7740,107.72036
7741,105.09038
7742,90.232704
7744,94.9787
7747,95.85919
7750,76.55989
7752,106.853004
7754,105.17043
7756,107.42836
7757,102.82329
7758,101.24216
7760,95.99891
7761,90.72053
7763,88.56931
7765,100.46955
7767,107.87085
7768,95.859436
7771,91.22797
7773,87.5548
7774,97.06761
7776,94.19401
7779,97.18547
7783,96.16774
7786,106.00295
7787,109.07279
7789,95.71876
7791,94.03483
7793,104.51652
7794,97.0974
7795,96.23086
7799,80.400215
7800,91.288055
7802,92.03847
7805,85.86577
7807,99.681915
7808,98.57615
7811,102.04567
7817,102.92636
7818,102.63312
7819,103.13185
7822,92.19401
7823,110.913055
7825,97.732834
7828,98.098465
7832,91.66933
7833,77.30513
7834,98.37196
7835,104.295525
7837,92.83723
7840,89.83067
7842,94.15286
7843,101.50245
7844,96.25015
7846,90.72053
7850,98.84761
7853,110.81213
7855,103.164894
7858,95.83667
7863,107.275475
7865,113.935715
7866,106.28852
7868,91.90315
7869,107.57403
7871,78.097595
7872,87.65309
7874,97.43487
7877,106.044975
7878,83.659225
7879,102.33245
7881,91.77468
7883,93.74874
7885,94.599846
7886,96.557014
7889,92.52542
7890,108.86821
7891,94.2288
7893,92.3258
7894,95.668076
7896,106.44368
7898,97.13666
7901,94.1599
7902,103.31121
7904,107.827934
7905,94.19658
7906,98.94498
7909,96.824
7910,99.27799
7913,92.573364
7918,112.71796
7919,93.621445
7923,95.319954
7925,90.449715
7927,89.8257
7930,98.98612
7932,99.13225
7933,86.20562
7935,94.70065
7939,93.57304
7942,123.411285
7943,101.95031
7945,95.615776
7946,93.5672
7948,102.119
7949,104.63561
7950,94.63342
7951,107.87085
7955,102.52032
7959,99.997154
7960,107.72036
7961,93.21842
7962,105.418175
7964,102.965614
7965,93.3469
7966,112.40668
7967,112.37568
7968,94.16938
7971,108.76965
7974,93.621445
7976,101.37127
7978,107.31829
7982,107.72036
7983,96.824
7984,102.04567
7986,93.51412
7989,104.63561
7991,103.31121
7992,105.01374
7993,95.03922
7994,110.76726
7995,91.66933
7997,92.95406
7998,102.04567
7999,102.92636
8002,92.76141
8007,94.17886
8009,105.31037
8011,94.46517
8013,92.65978
8015,102.01308
8017,109.09404
8019,115.34437
8023,100.50234
8024,111.78587
8026,110.58867
8027,97.37973
8029,93.92233
8030,106.19853
8031,94.65842
8033,108.42147
8035,96.659256
8036,84.244316
8039,109.47601
8042,92.34239
8044,99.94663
8046,83.30567
8048,111.61953
8049,94.19658
8050,101.78291
8053,99.26784
8054,89.49793
8059,92.0348
8061,93.274
8062,105.59464
8064,103.03726
8066,110.502846
8067,91.2353
8068,93.872734
8070,95.658455
8071,110.12108
8072,93.362564
8076,92.61152
8080,95.92435
8081,110.87086
8084,100.10151
8087,95.41683
8089,91.247604
8090,112.24748
8091,101.94171
8094,111.5319
8100,97.17087
8101,96.40514
8110,95.01802
8111,103.31121
8112,100.85647
8115,100.29037
8116,104.22467
8118,103.03726
8121,116.221245
8125,106.74507
8127,112.09308
8128,102.32768
8129,103.24112
8131,92.78048
8138,95.29083
8139,98.59938
8140,93.13522
8141,87.5548
8142,115.62293
8143,107.22141
8145,110.58867
8146,96.71389
8148,98.05948
8153,108.023506
8154,94.19974
8155,96.994804
8161,92.275154
8162,105.0469
8163,92.935776
8166,108.638245
8168,108.58463
8170,95.74162
8172,102.927925
8173,94.091934
8176,103.93025
8179,100.64337
8181,91.25318
8182,114.66324
8184,110.22121
8190,95.2786
8191,95.38404
8194,95.57453
8196,111.883255
8198,109.75908
8199,110.28396
8201,110.8688
8202,94.58682
8207,94.24055
8208,104.10028
8211,109.54582
8214,103.3294
8217,97.8351
8218,96.19942
8222,99.00418
8229,106.613525
8231,94.00096
8233,95.42604
8236,95.290054
8238,112.830376
8240,105.579346
8243,102.02849
8246,100.340294
8250,96.35024
8254,95.16523
8256,77.846924
8257,97.29755
8258,100.932106
8260,101.41014
8261,99.21371
8263,114.78505
8264,95.441734
8267,103.8293
8268,98.752594
8271,97.7037
8272,104.10028
8275,97.02067
8276,94.220856
8277,109.15693
8278,117.05548
8279,95.05543
8280,106.503136
8281,95.99741
8282,97.29755
8287,107.48845
8288,92.521935
8289,110.32529
8294,97.80974
8296,96.172585
8299,97.81638
8302,104.32717
8308,107.35649
8314,105.806946
8315,94.400795
8316,109.93491
8317,95.00607
8319,109.50103
8320,95.6563
8321,116.019646
8323,99.35239
8325,93.01881
8326,106.6118
8328,103.92598
8330,99.13073
8331,91.910965
8332,110.4799
8334,94.9477
8338,93.26892
8339,97.204834
8341,87.55048
8345,109.16294
8346,92.04494
8347,103.53955
8349,94.36468
8351,93.64867
8352,107.91799
8353,103.92598
8355,116.31738
8358,106.636055
8359,98.442085
8360,95.59469
8361,96.32017
8363,102.48635
8364,99.32442
8365,97.37055
8366,103.658226
8370,104.1427
8372,93.00471
8376,98.37873
8377,100.32506
8379,103.90467
8380,96.900795
8381,107.78555
8386,94.38143
8388,102.45249
8389,99.75632
8391,111.47697
8394,95.16523
8396,107.087234
8398,85.17973
8400,109.55519
8401,92.83461
8404,87.55048
8407,102.61543
8408,107.96175
8409,104.014984
8410,104.82328
8411,95.321526
8413,101.05396
8414,112.23529
8416,96.44612
